Name,Accuracy,F1 (macro)
Frequent,0.49333333333333335,0.22023809523809523
Prior,0.49333333333333335,0.22023809523809523
Uniform,0.3,0.28077002208790025
Stratified,0.4166666666666667,0.3327610834648141
AB,0.57,0.49595793830812496
DT,0.5533333333333333,0.5093808029711212
RF,0.63,0.5500927835775821
KNN,0.66,0.6056646376499317
SVM (RBF),0.7066666666666667,0.6271168254668973
LR,0.7133333333333334,0.6326959451141031
SGD,0.6933333333333334,0.6342966209829508
