name,accuracy,f1
Frequent,0.49125,0.2196125312049506
Prior,0.49125,0.2196125312049506
Uniform,0.335,0.32862696886818793
Stratified,0.415,0.3721342841351621
AB,0.51875,0.5079600315313536
DT,0.58125,0.514479557537467
KNN,0.63625,0.5896389572040079
RF,0.655,0.606945476826423
SVM,0.6875,0.6079741286965332
LR,0.68125,0.6115603589587146
SGD,0.6825,0.6482380970420237
